Race,Ethnicity,Gender,Age,Age Unit
Black,Not Hispanic or Latino,Female,55,Years
Asian,Not Hispanic or Latino,Male,52,Years
White,Not Hispanic or Latino,Female,36,Years
Asian,Not Hispanic or Latino,Female,31,Years
White,Not Hispanic or Latino,Female,30,Years
White,Not Hispanic or Latino,Male,39,Years
White,Not Hispanic or Latino,Female,57,Years
White,Not Hispanic or Latino,Female,21,Years
Black,Hispanic or Latino,Female,27,Years
Asian,Not Hispanic or Latino,Male,24,Years
White,Not Hispanic or Latino,Female,22,Years
White,Not Hispanic or Latino,Female,46,Years
White,Not Hispanic or Latino,Male,28,Years
White,Not Hispanic or Latino,Female,52,Years
White,Not Hispanic or Latino,Male,32,Years
Black,Not Hispanic or Latino,Female,33,Years
White,Not Hispanic or Latino,Female,39,Years
White,Not Hispanic or Latino,Female,28,Years
White,Not Hispanic or Latino,Female,44,Years
White,Not Hispanic or Latino,Female,38,Years
Black,Not Hispanic or Latino,Female,46,Years
Black,Not Hispanic or Latino,Female,46,Years
White,Not Hispanic or Latino,Female,45,Years
White,Not Hispanic or Latino,Male,21,Years
White,Not Hispanic or Latino,Male,21,Years
White,Not Hispanic or Latino,Female,28,Years
White,Not Hispanic or Latino,Male,,Unknown
Unknown,Hispanic or Latino,Male,29,Years
White,Not Hispanic or Latino,Female,28,Years
Black,Not Hispanic or Latino,Female,31,Years
White,Not Hispanic or Latino,Male,66,Years
Black,Not Hispanic or Latino,Female,43,Years
White,Not Hispanic or Latino,Female,44,Years
White,Not Hispanic or Latino,Female,38,Years
Black,Not Hispanic or Latino,Female,34,Years
White,Hispanic or Latino,Female,31,Years
White,Not Hispanic or Latino,Female,34,Years
White,Not Hispanic or Latino,Male,31,Years
White,Not Hispanic or Latino,Male,36,Years
White,Not Hispanic or Latino,Female,66,Years
White,Not Hispanic or Latino,Female,23,Years
Black,Not Hispanic or Latino,Male,22,Years
White,Not Hispanic or Latino,Male,29,Years
White,Not Hispanic or Latino,Male,24,Years
White,Hispanic or Latino,Female,35,Years
White,Not Hispanic or Latino,Female,34,Years
Black,Not Hispanic or Latino,Female,40,Years
Unknown,Not Hispanic or Latino,Male,32,Years
White,Not Hispanic or Latino,Male,56,Years
White,Not Hispanic or Latino,Female,23,Years
White,Not Hispanic or Latino,Female,42,Years